userid,Agreeableness,Altruism,Cooperation,Modesty,Morality,Sympathy,Trust,Conscientiousness,Achievement striving,Cautiousness,Dutifulness,Orderliness,Self-discipline,Self-efficacy,Extraversion,Activity level,Assertiveness,Cheerfulness,Excitement-seeking,Friendliness,Gregariousness,Neuroticism,Anger,Anxiety,Depression,Immoderation,Self-consciousness,Vulnerability,Openness,Adventurousness,Artistic interests,Emotionality,Imagination,Intellect,Liberalism,Liberty,Ideal,Love,Practicality,Self-expression,Stability,Structure,Challenge,Closeness,Curiosity,Excitement,Harmony,Conservation,Hedonism,Openness to change,Self-enhancement,Self-transcendence
Justin Bieber ,0.1457052517,0.0465780323,0.2293966577,0.0103580623,0.038819853,0.2311595018,0.3694636886,0.053760243,0.2002320164,0.2941436774,0.0235820327,0.4002641538,0.1968001069,0.5611056308,0.6183832633,0.6448282596,0.2363618033,0.0672560377,0.728127635,0.1707560295,0.0978060384,0.2629191046,0.9596323978,0.9507217597,0.7939546103,0.0271845068,0.8458290139,0.82855919,0.8721301307,0.4534441974,0.8556254959,0.2341894729,0.9482208657,0.9026589843,0.9069118788,0.6842090436,0.6941266251,0.3646336801,0.921825819,0.697509987,0.0348834972,0.0010755023,0.2786752237,0.1522282363,0.977496304,0.2268361052,0.3052762281,0.0371407407,0.5891952032,0.576946036,0.2971885284,0.2376011619
Lady Gaga ,0.1452137936,0.0515015839,0.2515669651,0.007100844,0.0464592,0.271801614,0.3100658341,0.0291787967,0.1699961184,0.2831924653,0.0287613262,0.4308984807,0.156323706,0.448637954,0.5840380947,0.5940021561,0.1973468207,0.0761779285,0.7070329195,0.0755717932,0.0272618818,0.2096198419,0.9824429233,0.9623782862,0.8186281291,0.0484534038,0.901864602,0.8919152336,0.8583412652,0.4196322621,0.9572518913,0.3744702154,0.9869100157,0.9285541148,0.93101915,0.6977793238,0.8583322377,0.410721765,0.7639814281,0.7800807087,0.0468573323,0.002469892,0.2341079121,0.148662806,0.9775800482,0.2113048175,0.3745330183,0.0270003959,0.6375462046,0.7193687925,0.3117306672,0.3885564729
Katy Perry ,0.0795124659,0.012699035,0.1783948382,0.0098752034,0.0436036627,0.174715734,0.191478366,0.0378669151,0.1258018043,0.333697903,0.0142995137,0.5483883735,0.1758285595,0.4249794452,0.3628754436,0.4955919669,0.1701633792,0.0421895084,0.6834239145,0.0461636433,0.0198236187,0.2190200709,0.9825387807,0.9411875242,0.8090991828,0.0301064596,0.9397354854,0.8795982727,0.7558864553,0.4064713504,0.8792628454,0.139840263,0.9688690673,0.9005623692,0.8493469974,0.6944287282,0.8503167876,0.2325270658,0.8594329177,0.6971547926,0.0519093401,0.006116843,0.2324133815,0.109888725,0.9776038635,0.2481231551,0.2835737032,0.0420788548,0.6753443861,0.640883155,0.2998234251,0.268266017
Rihanna ,0.1314373574,0.0274516763,0.1690889223,0.0061025302,0.0287755927,0.2033044085,0.2452543729,0.0424776865,0.1394669134,0.278525104,0.0119898022,0.4676010653,0.1817909071,0.496219105,0.6206146627,0.6046910776,0.2189950034,0.0654308404,0.7482321688,0.1251041203,0.0656763886,0.2557025857,0.9757909796,0.9508966027,0.7905608958,0.0222439813,0.8631283976,0.8589116235,0.8716503876,0.4533232674,0.8874101852,0.2147993424,0.965634136,0.9088250141,0.8900455296,0.7651333386,0.807793604,0.3886502069,0.9211740779,0.7582329778,0.0427826232,0.0013598099,0.3031704115,0.1491321942,0.9861024846,0.2559153381,0.3289559389,0.0326220389,0.6497678227,0.6479635079,0.3491716172,0.2923230228
Taylor Swift ,0.1674066099,0.0720596184,0.1924482495,0.0040612713,0.0146752216,0.2369824896,0.4137492416,0.0297487455,0.169448491,0.1723820654,0.0465831708,0.3236562628,0.1387120259,0.6012541311,0.7030366754,0.6460281219,0.2567592458,0.0946799741,0.8009022503,0.1392451178,0.0917283428,0.2176809635,0.9842031086,0.9745442208,0.8551622909,0.0542907689,0.879129478,0.8911612994,0.8373653191,0.3315015474,0.9146844232,0.3394723892,0.981568355,0.896687568,0.9301930785,0.7313776106,0.8592076201,0.5025910169,0.8000197119,0.7283972879,0.0236511834,0.0018315662,0.331335485,0.1772633111,0.9654603098,0.3021891424,0.3462736876,0.0224635364,0.6880033761,0.7925136655,0.4449297563,0.3760182669
Britney Spears ,0.174413318,0.0547437605,0.2276392858,0.0089871191,0.044719658,0.2464893421,0.3315382114,0.0425752384,0.1827000534,0.2403649048,0.0316754373,0.4142879957,0.1718848724,0.5196774894,0.6286218614,0.6319560094,0.2132385951,0.095632036,0.7188363392,0.1296103723,0.0669916949,0.2175815994,0.9819194347,0.9596531474,0.8083383078,0.0405696864,0.8681538467,0.8824083864,0.787571412,0.3951949962,0.8791858971,0.2991620954,0.9705458587,0.8791383213,0.865570996,0.7351843934,0.8543903913,0.3797274007,0.8666769858,0.7320246539,0.0412709586,0.0017693567,0.3151469733,0.1923521772,0.9749428841,0.2647210077,0.3673801997,0.0429250892,0.6778883689,0.685016532,0.3677064561,0.334137971
Shakira ,0.1144330525,0.0356404341,0.1448375276,0.0278966161,0.0804191748,0.3124068742,0.2336393202,0.160122737,0.0814740841,0.2565914711,0.0061539396,0.5701988925,0.432255347,0.4375537656,0.3274832104,0.6168550503,0.2248994184,0.1389390531,0.9555615113,0.1254759652,0.2270640683,0.189824397,0.9231414323,0.9058033954,0.6991404572,0.0809640166,0.8617756276,0.8357362764,0.4081523256,0.4799904781,0.8601696456,0.1678914683,0.9483524289,0.8901883455,0.8027818266,0.6977679145,0.8556160537,0.3313520581,0.8313181696,0.777146116,0.0921799832,0.0038095813,0.141915949,0.1974383091,0.8676774689,0.4486350464,0.2450617112,0.1411052902,0.6943425272,0.380758442,0.2011365712,0.1214304252
Justin Timberlake ,0.1279308743,0.0284810734,0.2024044304,0.0061447289,0.033547145,0.1825188141,0.3164516386,0.036962414,0.1766795639,0.2542645462,0.0297097528,0.4974715842,0.2007280883,0.5329441259,0.5594099517,0.6139862525,0.2433124904,0.0828600797,0.713906609,0.1294736123,0.0741553246,0.3122017655,0.9758385985,0.9289179876,0.7749632183,0.0326610164,0.8616771612,0.8219322801,0.778895177,0.4003350795,0.8490124036,0.1851906836,0.9578245992,0.8891176292,0.8522369956,0.7218950351,0.843018366,0.3430854595,0.8771318419,0.6751390678,0.0353434063,0.0045445616,0.3193326491,0.1338862489,0.9672831616,0.2579320254,0.3234882102,0.0356960077,0.6288695368,0.6309154022,0.3349539314,0.2257617706
Jennifer Lopez ,0.1299499596,0.0479533522,0.190862722,0.0097634682,0.0366548781,0.23288092,0.3149353488,0.0512874907,0.2191766113,0.2998747583,0.0217921221,0.3788382416,0.1965862376,0.634319855,0.6052715865,0.603468108,0.2593608271,0.0524645586,0.7746608196,0.1341115996,0.0659489012,0.1980339538,0.975115808,0.967896119,0.814753428,0.0290417147,0.8855306705,0.8489084329,0.8756215232,0.4032741428,0.8405069012,0.254886866,0.9623360746,0.9095412088,0.9089254424,0.6174259217,0.6952394201,0.3405215531,0.9147352737,0.7001925896,0.0351141415,0.0009772603,0.275730595,0.1435397641,0.9732154367,0.2232347917,0.3034718887,0.0379301778,0.608230223,0.5743860674,0.324593795,0.2441371004
Nicki Minaj ,0.1294274688,0.0043646718,0.2101661463,0.0968386081,0.1621164345,0.2487949494,0.0917913217,0.1280146784,0.0965489706,0.5149276221,0.0041584,0.7719346697,0.2225768437,0.1233558779,0.1437630661,0.2988082618,0.1314733242,0.0431206589,0.4565003768,0.0285266189,0.0099362771,0.2448048523,0.9602003569,0.8645917546,0.7698183954,0.0484737422,0.9644432271,0.864723457,0.5353630276,0.2983564347,0.7934054619,0.0746115945,0.8731631826,0.8501729045,0.7093515187,0.6505618934,0.7947986436,0.1411470131,0.8630504383,0.6244985729,0.2788242105,0.072767517,0.1655676082,0.1844748517,0.9800384471,0.2673300234,0.2008331177,0.159723361,0.7557508757,0.5016577492,0.2094373221,0.208590004
Bruno Mars ,0.1030237896,0.038447697,0.1752928884,0.003492204,0.0239124711,0.2110199031,0.3126153985,0.0235679615,0.154509895,0.202268744,0.0144527708,0.4627788511,0.1367422018,0.5706966278,0.6575506378,0.5832813733,0.241361052,0.0846456599,0.7816661214,0.158091583,0.0776163499,0.2534911238,0.9743803285,0.9423074846,0.8007011885,0.0540267976,0.8464932844,0.8089537218,0.8953847352,0.5178985758,0.9080228882,0.2299719629,0.9803688361,0.9141784803,0.9347054382,0.7277357551,0.7770673104,0.3983816942,0.9080243343,0.7073774998,0.0192651024,0.0025715513,0.317528427,0.1255440957,0.9816599154,0.2546103867,0.3318582706,0.0204090454,0.6370823164,0.7042073432,0.3807430805,0.2860083345
Pink,0.2006124348,0.0619775749,0.2617313791,0.0131335952,0.0584820395,0.2983841084,0.2777319305,0.0295191215,0.1383412087,0.2097295408,0.036849659,0.4609794763,0.1457792608,0.375303026,0.6425306668,0.5800279372,0.1750526795,0.1140500524,0.6644120495,0.1359302981,0.0666588781,0.2565571746,0.978213309,0.9336281433,0.7962269394,0.058874433,0.8335838502,0.8809488216,0.8226029306,0.4566691115,0.9337361675,0.338391409,0.9735434543,0.8912742362,0.8864969335,0.7104645951,0.8541221747,0.3991684343,0.7346137272,0.7319047988,0.0288656733,0.0015599134,0.2543083134,0.1813803749,0.9746701043,0.2262618154,0.3492511193,0.0245462473,0.6181400208,0.6960701022,0.2790511971,0.3574534257
Selena Gomez,0.1800814533,0.0569704617,0.2705638366,0.007466112,0.0392028237,0.2006026316,0.3770831093,0.0408058277,0.2148717076,0.2480927988,0.0458517303,0.3717374613,0.1910552673,0.5239880842,0.659642426,0.6666354792,0.2212625788,0.1034212028,0.7014846911,0.1488364542,0.0785459901,0.2522689231,0.9771104691,0.9604573142,0.7962098299,0.0422003926,0.849585412,0.8774856332,0.8177997273,0.4101918797,0.8804176553,0.3302631036,0.9650157276,0.8819176942,0.8832374453,0.738398435,0.8363442928,0.4298437353,0.8392118485,0.7449667472,0.0339326575,0.0018744316,0.3177903899,0.1570272772,0.9705385395,0.2513902717,0.341311324,0.0338383855,0.6028963775,0.6684863158,0.3475856437,0.326679666
Demi Lovato,0.0929513666,0.0084543683,0.1810278013,0.0205920219,0.0656670955,0.1645121395,0.1664019265,0.053743903,0.1337624691,0.3750201202,0.0124170294,0.5735408986,0.1761302218,0.3496444556,0.2421774256,0.44783207,0.1707259275,0.0481657714,0.6320044819,0.0266553738,0.0094006529,0.1873666297,0.9865049793,0.9452439017,0.8272591544,0.0249640895,0.9641285457,0.9090010095,0.6362800417,0.3142736229,0.848441327,0.1174023032,0.9533259024,0.8719716522,0.7772551753,0.7208239598,0.8891755939,0.2064882566,0.8676325882,0.7204034535,0.1338309789,0.0165325762,0.2378981765,0.1332313135,0.9852077593,0.2599849672,0.261246776,0.0791433291,0.7151665389,0.6070046696,0.2834307634,0.311775997
Alicia keys,0.1849997647,0.0385066836,0.2627248603,0.0174269353,0.1027470121,0.276236717,0.2731250471,0.0670938548,0.1776916848,0.3376068015,0.0263747471,0.6375578139,0.2679738093,0.4282767393,0.4247592337,0.6196539838,0.2370448779,0.1353328129,0.7068823993,0.0995456973,0.0469529621,0.2617470532,0.968248606,0.902228291,0.7050574795,0.0148692625,0.8807152536,0.8484730935,0.7040420629,0.4676370632,0.9303086406,0.2703688358,0.9691598388,0.8874530316,0.780288298,0.8505542308,0.9364036269,0.3807469587,0.8338490232,0.8314812691,0.1749776867,0.0137111122,0.3180355211,0.2390974377,0.9925892315,0.3336544551,0.4689567885,0.0827076633,0.7088284012,0.7471971395,0.3322398627,0.4291486176
Chris Brown,0.1267312276,0.0189912882,0.1799979786,0.0044195726,0.0285260895,0.1517892689,0.2864983573,0.0577490892,0.1772954351,0.3193543891,0.0134902434,0.4668758198,0.2432826623,0.5295245384,0.6004195894,0.6680158301,0.2448010824,0.0541426495,0.7114269741,0.1344250383,0.0834026787,0.3062770125,0.9656429384,0.9454808913,0.7724322956,0.0203418403,0.8448416801,0.8297465346,0.8707143339,0.4449614595,0.8518785481,0.168778853,0.9397240874,0.9020435282,0.8915571399,0.7592237641,0.7515981693,0.3654962935,0.9462150598,0.7795422189,0.0420228362,0.0016865473,0.2887497332,0.129269555,0.9740660993,0.2636708759,0.2974257102,0.032241588,0.6128749094,0.6176229641,0.3190103723,0.2819185097
Harry Styles,0.1700393618,0.0866801417,0.247324612,0.0071802568,0.0331728632,0.2739124663,0.4212956684,0.0301499805,0.2179297885,0.194286115,0.044423703,0.2946904659,0.1288624505,0.5990795642,0.6986774264,0.6442075235,0.2228297852,0.0748011927,0.7264258057,0.1672054997,0.0803704179,0.2291497346,0.980233451,0.9627494706,0.8495830894,0.0601512555,0.8498402717,0.8545866191,0.8642358282,0.3752787549,0.8551788018,0.3175095825,0.9743264516,0.9082928822,0.9151847025,0.540987248,0.6552816007,0.3297225388,0.8049539389,0.5461890437,0.0057449314,0.0004553499,0.2298147417,0.1220333958,0.9369205647,0.1815599587,0.260839778,0.0169234548,0.5233170458,0.6079406126,0.2637985185,0.1907815011
Miley Cyrus,0.0818541345,0.0053961661,0.1255933666,0.0369285831,0.070600752,0.1891279763,0.0972975972,0.0812426757,0.1138279935,0.4346797032,0.0050607015,0.6678372105,0.2033951616,0.4052596751,0.1826190271,0.4130776402,0.1493265365,0.0323632855,0.7078285431,0.0241970991,0.0113591696,0.1723043688,0.9792295911,0.9473543458,0.8322794371,0.0109959228,0.9772712964,0.9076644537,0.5824668152,0.2624095773,0.82396832,0.0661261737,0.9409752903,0.8698431135,0.7326587584,0.7044510553,0.8449977395,0.1729864444,0.8907295598,0.692020897,0.1570695383,0.0176646956,0.1989642012,0.1612704202,0.9871442304,0.2782619218,0.2541254126,0.1177051662,0.7294982676,0.5618729438,0.2617728901,0.2540413298
One Direction,0.0972776542,0.0358833529,0.2181886381,0.0084627362,0.0350197779,0.1408973084,0.3917988419,0.0537357428,0.1833379892,0.2882885005,0.0370590338,0.339901191,0.2065747502,0.4658917831,0.5255476367,0.683362703,0.2585627705,0.0374304501,0.6885192132,0.12832046,0.1084143946,0.3436948895,0.9696710476,0.9296850592,0.8084251024,0.0507072758,0.8342349921,0.8115643815,0.8034304778,0.446676239,0.7433790762,0.1885911577,0.9361729377,0.888564821,0.8741905389,0.6822150065,0.7038714668,0.261626731,0.8857586887,0.6650080589,0.0115617089,0.0011884445,0.2803276793,0.072019833,0.9076035794,0.2583767523,0.2070280164,0.0193611777,0.5567748701,0.6024737627,0.3358285553,0.1619687491
Niall Horan,0.1359178808,0.0600861362,0.1862392653,0.0026621334,0.0144819799,0.2101129709,0.4984606402,0.0127020497,0.1753163922,0.119819159,0.034873431,0.2787048403,0.1072650953,0.612483013,0.6388044912,0.6443639176,0.2797449205,0.1004655007,0.7972841505,0.2057284091,0.1221195353,0.1651259881,0.9840698684,0.9595993433,0.8441463052,0.1116446479,0.8321928609,0.8245566378,0.7206272317,0.3784775768,0.7628205165,0.2610585486,0.9809034232,0.8783720416,0.9105619667,0.6147422023,0.7397853858,0.3746804239,0.8521968612,0.4746380884,0.0037488794,0.0011918243,0.3542042717,0.1103729817,0.8903224979,0.262323684,0.2617604251,0.0131179886,0.6299876753,0.7235500498,0.3802088144,0.1840280561
Snoop Dogg,0.1396350209,0.0066890478,0.1737142644,0.0522803144,0.0948154175,0.2242149061,0.1282950397,0.1248256135,0.1378239588,0.5141399486,0.0049278631,0.7357749745,0.2654018462,0.3778521607,0.2584845997,0.4729819732,0.1510930446,0.0380972156,0.6467001026,0.0497930598,0.0322031582,0.2488128771,0.940059279,0.9109974897,0.7875506946,0.0051221667,0.9574591608,0.8626264257,0.630901863,0.2897229727,0.7981247941,0.0577723177,0.8850269107,0.8863561625,0.7328897973,0.6679008356,0.7606841999,0.2016288231,0.9101954362,0.6679156415,0.1527201002,0.0145207484,0.205646416,0.1834597224,0.982481998,0.2655432919,0.2572374688,0.1317685641,0.6611983354,0.4828408316,0.2073625116,0.1740475657
Louis Tomlinson,0.1533429125,0.0682105726,0.1887012382,0.0059291852,0.0250950522,0.243630809,0.4026311286,0.024753291,0.1951501951,0.1706299532,0.0326019505,0.2398652925,0.1265294833,0.5952990457,0.6646675177,0.6384996834,0.2340863913,0.0695152343,0.784039868,0.1668537128,0.1002867185,0.1727632284,0.9841866187,0.9697644228,0.8575822216,0.0698147333,0.8562339064,0.8599724332,0.8095554527,0.358426221,0.7931352096,0.2869254878,0.9747890556,0.8996683627,0.9081536728,0.5638235606,0.6555387007,0.3447886461,0.8543885858,0.5650803583,0.0051655706,0.0003895325,0.2500709535,0.1175460698,0.9192956478,0.2077892025,0.2446864383,0.0205904233,0.5589154425,0.5956643199,0.2860481804,0.1869714646
Mariah Carey,0.1460098584,0.0281122984,0.25352143,0.0107183445,0.0539452373,0.1913596699,0.3176859628,0.0564670075,0.2023757061,0.3787527343,0.024886654,0.5339721256,0.2422404484,0.4919017353,0.4766418495,0.6053252479,0.1963260685,0.0691037096,0.6975771786,0.0807891262,0.0351639426,0.2555191191,0.9724683254,0.9466668409,0.7668783967,0.0228979001,0.9061077637,0.8590907825,0.7564233226,0.3837925528,0.8923528088,0.2224361454,0.9588150813,0.8941746368,0.8653860115,0.6870359744,0.823928873,0.3237593786,0.8506470603,0.7154501205,0.0675570509,0.0037064583,0.2068194329,0.1573494918,0.966188838,0.2375032282,0.3526105499,0.070985372,0.6287934449,0.5641064396,0.2736463322,0.2811324447
Coldplay,0.1102746583,0.0337840902,0.2660644868,0.0051557044,0.0339677705,0.1944937682,0.4214406399,0.0405138328,0.1789100139,0.2674204842,0.0311524717,0.3440286568,0.2063176877,0.4953369963,0.5153450492,0.6482191251,0.1936809553,0.0318955149,0.7442693239,0.1207160069,0.0738510523,0.3160915344,0.9712401531,0.9472803029,0.8036080116,0.0855595514,0.8786929587,0.8217317137,0.8707874447,0.4158646398,0.849501584,0.1652875743,0.9674064781,0.9440375855,0.9287042566,0.5009914748,0.5900639761,0.2378818563,0.8082732407,0.5255005519,0.0035189042,0.0017126666,0.2182690093,0.07101218,0.8635399028,0.2045038363,0.1578499851,0.0110779013,0.5553148247,0.6021626049,0.2316841382,0.1241029249
Wiz Khalifa,0.0858546285,0.0248645494,0.1102772758,0.0020928191,0.0158270538,0.1852419103,0.2374379852,0.0366815347,0.1488435502,0.2052624304,0.0061106268,0.5322309279,0.1536668747,0.6299240789,0.6618714119,0.5728813196,0.3358199386,0.0771034822,0.8158962128,0.1762314619,0.09832945,0.2980021994,0.9693344008,0.9302961371,0.7961753767,0.0392043956,0.8182632527,0.7650532953,0.9401731044,0.4680947233,0.8879702186,0.1643297174,0.9779285415,0.9246608602,0.9299544802,0.7547178083,0.7496795547,0.3909930409,0.9497831952,0.7198483004,0.0205177758,0.0024015822,0.3218721051,0.1007227006,0.9885353964,0.2632252777,0.2866481674,0.0170645063,0.6209347143,0.6940658573,0.3587777407,0.2791085458
Pitbull,0.1299351118,0.040086235,0.2059085493,0.0049736747,0.0407498863,0.1840372791,0.3770256982,0.048096624,0.2054347002,0.246464987,0.0231667237,0.5416534623,0.286943466,0.5979812143,0.607794644,0.708046324,0.3173650059,0.1283926971,0.7964573744,0.1771170169,0.1264711549,0.2826852398,0.9592496465,0.9210527168,0.7085059501,0.0316860364,0.797629681,0.7828465904,0.7300823373,0.5376897443,0.852277287,0.2134897694,0.9545617243,0.8712693841,0.8442644475,0.809957007,0.8663744357,0.4012590046,0.9321572213,0.8049235229,0.0594552878,0.003083944,0.381793371,0.1615488057,0.9735941214,0.3554836881,0.3750278691,0.0471251143,0.666544708,0.6776236313,0.4114584891,0.2478387742
Avril Lavigne,0.179340993,0.0373990538,0.2770855429,0.0139707174,0.0555810617,0.1820280566,0.358719883,0.0527877892,0.1855564302,0.2761947001,0.0405222997,0.4845753441,0.2326255615,0.4468141745,0.547892898,0.6846943197,0.1996031432,0.1184314612,0.6904552377,0.1328734116,0.0845187848,0.2556793102,0.9686056697,0.9377903051,0.7621190497,0.0353776301,0.8394565301,0.8724601971,0.6938598801,0.4749019937,0.8835860337,0.2565502367,0.9552460768,0.8396112502,0.8282599711,0.8079439259,0.9072303934,0.4046988234,0.8550750894,0.7831786793,0.0754195723,0.003983052,0.3333798116,0.193811176,0.9648666372,0.3302897028,0.3783656655,0.0577002568,0.6783028886,0.6828035729,0.3621643391,0.3322146438
Ashley Tisdale,0.1107710864,0.0260554048,0.2131377209,0.00636087,0.0320345617,0.1781186112,0.283672793,0.0381974258,0.1650375506,0.2937829249,0.0233887094,0.4422243466,0.1622205891,0.4870439246,0.5535073362,0.5609653852,0.2034539239,0.0581999792,0.6966570898,0.0908097148,0.0420139792,0.2077402773,0.9802333213,0.9578931016,0.8076515145,0.0385403478,0.9096072609,0.8761077667,0.8304742484,0.3731386992,0.8738598312,0.2136482845,0.9686333553,0.8943573844,0.8911043371,0.6788331156,0.8341319122,0.3122539314,0.8601946815,0.7004876123,0.0371860758,0.0027266923,0.2791007771,0.1232157844,0.979444903,0.2173173115,0.298371615,0.0356672907,0.6410914245,0.633442074,0.3383876054,0.2858935718
Alejandro Sanz,0.16397203,0.0639273286,0.1501632661,0.1497382902,0.1675245425,0.4465257663,0.172187097,0.2603605984,0.0896374715,0.3487507065,0.0028611799,0.7263917875,0.3868403577,0.4503874478,0.3614504818,0.4858852654,0.1766075546,0.185344848,0.9832465923,0.1625223994,0.2818589562,0.1894606326,0.7917351193,0.848017392,0.7195344641,0.1191914448,0.8551808723,0.7934160624,0.3477074626,0.3929478353,0.8101806042,0.1087814501,0.8606720411,0.8663334243,0.7640954693,0.5921487866,0.6859984923,0.297771,0.7903887706,0.6644350636,0.1613366866,0.010148628,0.1457907708,0.2915516094,0.857551384,0.4226257712,0.2101791361,0.2106721055,0.7245425659,0.385688582,0.2180535766,0.1065031516
iamdiddy,0.1429943827,0.0244232372,0.1959355441,0.0057034212,0.0338299054,0.176790642,0.3374467314,0.0585133957,0.2103697628,0.3299405868,0.0134886597,0.5393698323,0.2501543791,0.5999503196,0.5884571395,0.6741837879,0.27872203,0.0734865157,0.7688417537,0.1442126056,0.0961109032,0.2873783611,0.957014109,0.9364165084,0.7516400063,0.0140726731,0.8479754437,0.810563796,0.8459619515,0.4623038355,0.8653632031,0.1585467529,0.9493643504,0.9127555292,0.8755432596,0.7792758099,0.796701383,0.4099504857,0.9351672878,0.7740311073,0.0600445231,0.0028997058,0.3316264068,0.1544871164,0.9840932053,0.2877172016,0.3569174715,0.0442131382,0.6503874216,0.6274181022,0.3255852615,0.29362921
Zayn Malik,0.1380614611,0.035495453,0.1692602751,0.0127859017,0.0300646903,0.2424274566,0.2675559235,0.0418135601,0.1250784266,0.234223183,0.0132601786,0.3598728847,0.1181226081,0.4440764775,0.5725012845,0.5563189748,0.1570745671,0.0505486858,0.7579346608,0.123438088,0.070619779,0.1789454863,0.9795923836,0.964610153,0.8550852757,0.0425293845,0.8975394044,0.8853105227,0.8141637292,0.4000566335,0.8241774651,0.2073342543,0.9665346298,0.8961711274,0.8938359533,0.6050530992,0.6965299978,0.2887447422,0.8847700375,0.625876538,0.0124750292,0.0004319075,0.2196260558,0.1266647229,0.9624307939,0.2302893807,0.2193945682,0.0300317625,0.6085703912,0.5751623369,0.2664195946,0.186318785
Ricky Martin,0.1389804164,0.0272878361,0.1489576225,0.0212995843,0.0643330129,0.2940337748,0.225387827,0.1287372609,0.1091142822,0.29196183,0.0060272613,0.6655879881,0.3502339178,0.5034324338,0.444534647,0.5920001116,0.2103381169,0.1340774648,0.9307817344,0.1253003375,0.142419701,0.2325560232,0.9205502929,0.8982995125,0.697054884,0.0265063533,0.8656096318,0.816974273,0.5710477128,0.4676998158,0.8751784191,0.1011269251,0.9453040586,0.9146430257,0.7886542474,0.7074844055,0.8418946404,0.3007462458,0.8571862792,0.7612747413,0.084339356,0.002452799,0.1996342704,0.1843078613,0.9629730105,0.3711911323,0.2599555786,0.1000087234,0.7153200467,0.4664677584,0.2086011916,0.1937168142
David Guetta,0.0885982594,0.0140545808,0.1350445005,0.0037814659,0.0135155166,0.1170576893,0.3519766824,0.0405069023,0.1038453729,0.1913761824,0.009970005,0.3857728961,0.18680114,0.4617966694,0.5664053664,0.6382308659,0.2119700322,0.0702229831,0.8283060627,0.1165864112,0.1097647312,0.205217861,0.9816550584,0.9619853266,0.8105006945,0.0598147284,0.8814547206,0.8747745488,0.6806649046,0.4330764492,0.8453900838,0.1688369957,0.9667689671,0.858826268,0.8942138297,0.7975900272,0.8832456318,0.3756972733,0.9371186673,0.7712953572,0.0363271881,0.003857269,0.3260140835,0.1284228993,0.9387547385,0.3885741151,0.2636732099,0.0368738167,0.7229528471,0.6808551679,0.4566173923,0.2402776404
Ivete Sangalo,0.1825996498,0.0195892825,0.0939042172,0.4459062662,0.174838214,0.432119921,0.0322670287,0.2440370288,0.0752909633,0.4472468804,0.004547934,0.6691828771,0.2999177002,0.162141356,0.2249062614,0.5136765108,0.1201197037,0.0940914584,0.9027266837,0.0754893805,0.1503392879,0.3204270873,0.8215362625,0.8549878242,0.8307037158,0.0247229101,0.9439756813,0.943252013,0.043895551,0.3466385001,0.5519655864,0.061362863,0.7938446959,0.783604023,0.4699457107,0.8825981339,0.7767043716,0.3570718583,0.8002087597,0.7520925052,0.3013428046,0.0821179778,0.4030675621,0.2861379333,0.9678424612,0.5291045303,0.1625408056,0.2659908622,0.7311535769,0.4442821538,0.2869183105,0.2602831232
50 Cent,0.0857616981,0.0105415931,0.105497313,0.0017642321,0.0168624042,0.1381835231,0.183876952,0.0296028524,0.1011702068,0.1973217904,0.0062339947,0.5435113319,0.179621448,0.4601424847,0.599886043,0.5662576724,0.2686346907,0.1008137946,0.7980946468,0.1614225702,0.0972910404,0.3001753741,0.9727946238,0.9121757853,0.7554673828,0.0414261063,0.8225808154,0.7566274714,0.8656693934,0.5469086556,0.8684100058,0.1552179429,0.9743645641,0.911772507,0.9147239528,0.8085696484,0.8573686725,0.371015047,0.9593777935,0.8043618452,0.0401867181,0.0077935611,0.3183220953,0.1076950709,0.9813520255,0.2972390218,0.3171616574,0.0309323458,0.6766619323,0.695913848,0.427592066,0.2792171187
Juanes,0.1618388794,0.0577374385,0.160335428,0.1206890862,0.1632665901,0.4426548144,0.1764022808,0.2346359942,0.0857354852,0.3521098405,0.0040521668,0.7267434472,0.4222432977,0.4356091545,0.3875922634,0.5260003384,0.1790704581,0.1916734265,0.9774591043,0.171952875,0.3050011514,0.2070241408,0.8057516235,0.8501638514,0.7015899598,0.1011963419,0.8341572242,0.7825090767,0.3770714191,0.4136571467,0.8337668557,0.1249554979,0.8712759569,0.881006629,0.7690052436,0.6360614864,0.7221961438,0.295410326,0.7966508497,0.7160286326,0.1377791253,0.0051613754,0.1362864194,0.2686102498,0.8664467876,0.4261958671,0.1974577293,0.1852036018,0.7443706615,0.3926591422,0.2062965947,0.1263205741
Ludacris,0.1368515819,0.0123306481,0.2031653919,0.0082040973,0.0406124002,0.1771289883,0.2631834757,0.0620558916,0.169658174,0.4075944451,0.0105566223,0.5761567615,0.2138284264,0.4236318953,0.4618934986,0.5498776166,0.2145588204,0.0452928436,0.6381038571,0.0800722686,0.035495006,0.2922428495,0.9670991246,0.9312451519,0.764404917,0.0165050719,0.9119937645,0.8394573448,0.8131399404,0.393286629,0.8542879249,0.1166278926,0.9382414383,0.9175438765,0.8594890776,0.6937317647,0.7783787253,0.2852702893,0.9060442297,0.6461957936,0.0758296492,0.005483048,0.2423752317,0.1292340704,0.9866819264,0.2114403209,0.2887613731,0.0547833671,0.6525384211,0.5427339894,0.2411736387,0.2511585008
Agnes Monica,0.1191807286,0.0060065228,0.2216344866,0.0429159054,0.1071298755,0.1657573362,0.2048709593,0.106555812,0.1228791542,0.4670447113,0.0086144763,0.737273107,0.2712234864,0.2681092577,0.1771000623,0.4806760778,0.1683904538,0.063146087,0.6164879638,0.046635292,0.0210230797,0.2413374152,0.9605531223,0.8986133335,0.7394770927,0.0105797599,0.9502825334,0.8563419204,0.4111618108,0.3864261766,0.7896075807,0.0733233337,0.8900695386,0.8036257227,0.6495721756,0.7406476612,0.8531932021,0.1764031307,0.923931872,0.7606686707,0.2497894402,0.0539786792,0.2380502211,0.1945419388,0.9779682994,0.2786613985,0.3045386567,0.2052651739,0.760791912,0.5171895834,0.2533135406,0.240047565
will.i.am,0.0820042283,0.0283150885,0.1466934829,0.0051411568,0.0237547163,0.1953454574,0.290216972,0.0228701268,0.1471309807,0.225191785,0.0179793305,0.3600006751,0.1610739248,0.5296895393,0.5124793674,0.6588845981,0.2201845657,0.0509476243,0.7839927966,0.1034037068,0.0531371165,0.2045934696,0.9837955526,0.9572759695,0.8321794585,0.0308934855,0.8978130428,0.8759986819,0.8103725179,0.4948702687,0.8845461315,0.1919779697,0.9785366041,0.9261127647,0.9017711101,0.727066308,0.8184015216,0.3254261145,0.8776329227,0.7415580945,0.0271863452,0.0021100262,0.2935835383,0.1020112454,0.9758318952,0.2604982722,0.275933552,0.0197973367,0.633907959,0.6851332822,0.320622784,0.3115459463
Paulina Rubio,0.1312492957,0.0197836108,0.1370460638,0.0478188221,0.0803882644,0.2764191635,0.1824608319,0.1611220746,0.0878018711,0.3446942429,0.004198692,0.6828893374,0.3302860704,0.4551805277,0.3149487322,0.4972971677,0.15010745,0.1072738784,0.9321373381,0.0793418355,0.1155419521,0.1624014818,0.924059386,0.9192488258,0.7373577771,0.0304960927,0.923330116,0.8612741109,0.4558409621,0.367948491,0.8388131751,0.0757771342,0.9225941349,0.8764167133,0.7112333717,0.7032719853,0.8405842309,0.2733702848,0.8733986312,0.7723553846,0.1378883924,0.0057739202,0.1867550112,0.2476009811,0.9610336113,0.3981103504,0.2497978274,0.1860504259,0.7687942199,0.4511475936,0.2456612379,0.1789976894
Jessie J,0.1019410928,0.0148868414,0.1748988583,0.0115747831,0.0425045302,0.1994070157,0.2311725063,0.0408751756,0.1218183993,0.3152273469,0.0124081422,0.493219237,0.1656354247,0.3961567134,0.3392073955,0.5265859144,0.1759795631,0.0533123264,0.7218281689,0.0560078374,0.0221487689,0.1803287801,0.9839986283,0.9528020736,0.8145017301,0.025075535,0.940177583,0.8977632405,0.6882643007,0.3948422832,0.8810519124,0.1570520553,0.9670096555,0.9031412214,0.8584088069,0.7308774941,0.8658893913,0.2614248753,0.8721982455,0.7247764282,0.0736021059,0.0052976426,0.2538536504,0.1403111333,0.9855584853,0.258520867,0.2882718827,0.0478225049,0.7080559278,0.6490240553,0.2948419923,0.3068257092
Trey Songz,0.1266151752,0.0109922873,0.1316184553,0.0093103903,0.0357475073,0.1875096267,0.1668409805,0.0566992639,0.1280109551,0.3219787041,0.0074601814,0.61277469,0.2201647759,0.4481118643,0.4405214002,0.5539081688,0.2315605079,0.0596874032,0.7113261938,0.0883711364,0.0437257966,0.2467426827,0.9793211352,0.9368419035,0.7839895598,0.0159624889,0.9052910724,0.8508417772,0.7786555463,0.3805630603,0.8506381073,0.1205074365,0.947947659,0.8940203985,0.8170266972,0.7752470772,0.8565724994,0.2954242936,0.9270633157,0.7661183247,0.1003409057,0.0084066261,0.2644644746,0.1743587343,0.9888524284,0.2821135742,0.3242682228,0.0633207451,0.7339078618,0.6411160431,0.2998070284,0.319906767
Ed Sheeran,0.0799843128,0.0321798511,0.1647812323,0.0035336993,0.0174008035,0.197256872,0.3270594079,0.0225247737,0.1540226639,0.2083567904,0.0183761865,0.2799868777,0.1244399137,0.5595533378,0.6123062107,0.6075019989,0.2146812713,0.0300845378,0.7322130168,0.1325793837,0.0636960923,0.1939170872,0.9850851976,0.9686178517,0.8643405939,0.08412043,0.8861633446,0.8456263364,0.9066632238,0.442048405,0.8365845805,0.2077024021,0.9719822497,0.9262569886,0.9472591946,0.5103714384,0.5996089323,0.2496739964,0.8964914194,0.5465686426,0.0041728696,0.0007164728,0.2220982322,0.0706143506,0.926270359,0.1729556297,0.1910456755,0.0107553075,0.555461457,0.6027164521,0.2931290289,0.171393523
Nick Jonas,0.1592637927,0.0441072861,0.25282551,0.0043164321,0.0296057635,0.1666342543,0.4586797613,0.0411977304,0.2383372547,0.231494994,0.0415009508,0.3849737096,0.2285234398,0.5960822066,0.6869216899,0.7070702356,0.2834933887,0.0971110868,0.7421870158,0.1890105581,0.1135321571,0.2708866818,0.9710035047,0.9493844757,0.7689965456,0.0545290248,0.8189818056,0.8180220379,0.8161383012,0.4569389985,0.8332168263,0.2562062898,0.9586754088,0.8866955971,0.9030936555,0.7495690829,0.8272059694,0.4142959163,0.9037792955,0.7177746516,0.0283087551,0.0023944937,0.3884812195,0.1418253996,0.9548814123,0.3032738983,0.313196707,0.0280849536,0.6603856136,0.6958885598,0.4134653246,0.283371676
Carly Rae Jepsen,0.2002564126,0.0451900496,0.2865627921,0.0089497439,0.043353954,0.2061675558,0.4005503975,0.0544202226,0.2176407917,0.2792379555,0.037019403,0.442345266,0.2075682898,0.5206357554,0.6374406398,0.657559325,0.207444107,0.0925617328,0.7128262448,0.1348692681,0.0765422584,0.2300695419,0.9722011071,0.9551675267,0.7777498902,0.046928839,0.8620703972,0.8610841002,0.7999682066,0.4267764867,0.8828800193,0.287884619,0.9615805336,0.878034068,0.8975783541,0.7089806913,0.8421600318,0.4113762201,0.8286199018,0.7144774358,0.0401873507,0.0018527371,0.2940314907,0.1850210718,0.9608191531,0.2660705244,0.3498567721,0.0455603585,0.6421173487,0.6745849453,0.3413491215,0.2998279558
Tyga,0.1139949756,0.0110294319,0.1482178191,0.0057439586,0.0302350746,0.1654130747,0.2090708219,0.0576943937,0.1357896106,0.3421855658,0.0055264898,0.5942198351,0.2483116863,0.519731614,0.4775039744,0.6041849216,0.2389116239,0.0520846644,0.7748723485,0.1123073136,0.0739082985,0.2432456828,0.9645963184,0.9393085939,0.7810580838,0.0170234993,0.8815669857,0.8124868765,0.8210496373,0.4509509144,0.8414114832,0.1267841602,0.9458052121,0.9055625365,0.8703686896,0.7724262083,0.7870094368,0.3392361076,0.9632759926,0.7954256605,0.0622334885,0.0030199353,0.2550934544,0.1510643269,0.9815508727,0.2904113925,0.2953040683,0.0525876388,0.6735963157,0.6079769334,0.3082574927,0.2393387735
Joe Jonas,0.1527277781,0.0163536351,0.2197871753,0.0135184334,0.049132597,0.1804069154,0.2761697253,0.0813036723,0.1927447024,0.4057299342,0.0146810724,0.5871297351,0.2517257808,0.5269040827,0.4886972068,0.5678588024,0.2199427147,0.0501631174,0.6947279266,0.0919059321,0.0514521902,0.2635921119,0.9598859513,0.9380817451,0.7651347624,0.0130159512,0.9069760504,0.8272034735,0.7883202533,0.3799934443,0.824907177,0.1237475395,0.9247493248,0.898620493,0.8419064357,0.642192582,0.7375172242,0.2661086035,0.8984051997,0.6518841945,0.0638328528,0.0031600358,0.2272898016,0.1455675798,0.9744873656,0.2236405598,0.2811037694,0.0687667481,0.6278131177,0.5243391459,0.2404274269,0.192234158
Soulja Boy,0.0952206609,0.009200725,0.0794407922,0.0033693817,0.0257347267,0.1470526107,0.1465315998,0.0560252148,0.1096984064,0.268379672,0.002164049,0.6815036503,0.2221513829,0.5053428419,0.5019522682,0.5905645467,0.3209969948,0.0975853155,0.8413143988,0.1351322767,0.0914790323,0.328892235,0.969568625,0.9028245617,0.7569527518,0.0118362153,0.8440991967,0.7493685439,0.8440344962,0.5016430485,0.8572976334,0.0953764131,0.9647924542,0.9033495007,0.8155343075,0.8528311983,0.8343744349,0.3514153972,0.9794392911,0.8257298245,0.0802109136,0.0101484708,0.2746826302,0.1398636135,0.9919850967,0.288149205,0.3454515369,0.0787545472,0.6945671629,0.6425811868,0.3370859498,0.2995728522
Jason Mraz,0.151705515,0.0969061929,0.3404950741,0.0037060393,0.0504166832,0.2328604736,0.4759108299,0.0507037915,0.3048417797,0.2962735836,0.0622811655,0.458781909,0.2525846381,0.6475939068,0.70060992,0.7498673255,0.3234471695,0.0897775145,0.720543149,0.2063112735,0.0777289551,0.3400376648,0.9451264769,0.9227713882,0.7163827129,0.0332065985,0.7694345984,0.7583773433,0.9207989485,0.5719097843,0.9332410958,0.3780224306,0.9682016617,0.9385138588,0.9305352244,0.6508284164,0.699749604,0.4234190808,0.7846653457,0.7005905362,0.0221647731,0.002483464,0.2360997774,0.1174424043,0.9726121074,0.1928389162,0.3850217906,0.0155404889,0.4757211508,0.6746411572,0.2757133622,0.3001075712
Kelly Rowland,0.1722938991,0.0331002755,0.2362278454,0.0096540877,0.0505513312,0.2034994005,0.3066000618,0.0671218787,0.2111003055,0.3492211156,0.0257553612,0.5051371208,0.2339182297,0.5420712982,0.5966431002,0.6396267882,0.2220853466,0.0690114059,0.7019886439,0.1133238413,0.0627176545,0.2701632495,0.9705342638,0.9461423924,0.7674328873,0.0175523408,0.885119981,0.8541615945,0.8227030369,0.3881903322,0.8663759583,0.2165376821,0.9496517388,0.901925923,0.8532855857,0.7203336041,0.8128403001,0.3420104205,0.8821225164,0.7408092126,0.0612056866,0.002451018,0.2894864072,0.1758034325,0.9815052271,0.2444690966,0.3538040191,0.0559105922,0.6356435766,0.6011661769,0.2919809737,0.2897527568
David Bisbal,0.154548352,0.0747496819,0.1418826075,0.1944269767,0.1959652952,0.4786577062,0.1508519468,0.2644985755,0.0802261225,0.3406599732,0.0029513189,0.7046354861,0.3984215882,0.4119695942,0.3382702841,0.4947108902,0.1904173694,0.1934758289,0.9888797039,0.1819281663,0.3274217514,0.1907136117,0.7829949696,0.8359301438,0.723639128,0.1894005601,0.8355601441,0.8001044898,0.2586237746,0.3782939877,0.7890700793,0.1219208191,0.8510206304,0.8561238963,0.743436431,0.6066651031,0.6708433118,0.3031303797,0.7445752295,0.6294857561,0.1690316119,0.0143272515,0.1564000072,0.3036366147,0.7898915079,0.4471784938,0.1900955008,0.2063648892,0.7480018189,0.4019577215,0.224192307,0.0953316509
Luis Fonsi ,0.1498220408,0.0465399285,0.1491290179,0.1293826342,0.1590916077,0.4233589137,0.1518830297,0.2308707674,0.0874645097,0.3563581502,0.0028969573,0.7533545261,0.3886044667,0.44496432,0.3661909726,0.486941608,0.174018242,0.1729827436,0.9694647116,0.1513264277,0.2516155762,0.1866853906,0.8195200286,0.8561606541,0.7186275714,0.0946785457,0.8596108794,0.7976028745,0.361661943,0.3807710623,0.8006279118,0.0944881437,0.8617569481,0.8679146498,0.7382616826,0.5964544419,0.7044766926,0.2634665775,0.8013336588,0.6562699891,0.1484012222,0.0069515499,0.1432177998,0.2702786888,0.8723182585,0.4138220322,0.195451676,0.1979655546,0.7365375371,0.3912771147,0.2117324294,0.1164102625
Thalia ,0.1483180909,0.0316248177,0.1860323524,0.2563159013,0.2611433399,0.4140719554,0.0997335332,0.2771394445,0.0991762,0.4539904815,0.0034777789,0.8851351833,0.3776253949,0.3006919392,0.200087859,0.3936263953,0.154746279,0.155146778,0.9039309678,0.0900871036,0.1304483842,0.2061771124,0.7840452915,0.7987064055,0.724361563,0.0768534361,0.9294955514,0.8219008959,0.1995457289,0.2851613935,0.7707029761,0.0793727081,0.7968218952,0.8137789406,0.5998680149,0.6485687214,0.7284919638,0.2465050551,0.7791985362,0.6629937544,0.2991593959,0.0864772012,0.1767067354,0.3246232374,0.9194495058,0.423056428,0.225848848,0.2974767449,0.7680532012,0.4370531738,0.234000497,0.1310466961
Queen Latifah ,0.1947728112,0.0524464546,0.2415560611,0.0059511532,0.0619153741,0.2471650776,0.3117691476,0.0552229666,0.211000327,0.2972058433,0.0261954028,0.641611432,0.2608612266,0.5633469932,0.7114954234,0.6311135499,0.3224602406,0.1306720343,0.7066038604,0.2220190446,0.1308071838,0.3036273182,0.959645307,0.8894139956,0.6544198555,0.0339331496,0.7783483121,0.7243261556,0.8425703587,0.446037095,0.8657651055,0.2911620464,0.9587001856,0.8621950792,0.8331107001,0.7711296386,0.8751893125,0.4281156495,0.8970140061,0.7541302484,0.0731961013,0.0070847857,0.3354316984,0.2256983039,0.9788387214,0.2644169696,0.4746983338,0.0724137802,0.6694459219,0.6602922437,0.3985083095,0.2861069132
Daddy Yankee ,0.146269163,0.0246567288,0.1742855436,0.1372701358,0.1845108473,0.3683834599,0.1372573319,0.2384757576,0.1046338898,0.4514212161,0.0032702944,0.8217306585,0.3925321915,0.3813999782,0.2550686404,0.4609862662,0.1624174231,0.1298513843,0.9165912276,0.0913953349,0.1291663317,0.1998237786,0.8217739566,0.8448969687,0.7235560832,0.0359661844,0.9249365432,0.8131944693,0.3361461373,0.3361791221,0.8091817855,0.0751765409,0.8425646429,0.8660904309,0.6968774248,0.6134701245,0.733771969,0.2405922282,0.8295162459,0.6619810699,0.2087278666,0.024119459,0.1435626041,0.2591915809,0.9295111619,0.387730071,0.2202551589,0.2388695029,0.7303205934,0.3981455698,0.2022166087,0.1056948396
Vidi Aldiano ,0.2335748294,0.0259507313,0.4402775986,0.1173357402,0.1425058418,0.1415074037,0.6725645409,0.2193622851,0.2300110833,0.5369737686,0.0360448719,0.9011203336,0.3201169984,0.3943280641,0.1431912981,0.5055564853,0.2724887427,0.1692777112,0.6074187798,0.194134022,0.1274948398,0.312519499,0.6775306369,0.8376260922,0.6606398657,0.000950747,0.8846148873,0.6755252798,0.0582959302,0.4254040703,0.5080737658,0.074637539,0.5940844462,0.5116984227,0.5415945068,0.7049945768,0.6370141089,0.2931174606,0.9918633196,0.8971708917,0.3585826952,0.3864924216,0.4506091155,0.3331247644,0.8208492323,0.3209242769,0.5272561142,0.5736396728,0.7642591313,0.3975762797,0.3809382184,0.2101702761
Cody Simpson ,0.124858875,0.0408274729,0.2305055925,0.0034422202,0.0279417465,0.2135534949,0.4174909119,0.0386358646,0.2127339367,0.2666148797,0.0171126241,0.4329501987,0.1933540879,0.5943067011,0.6785866426,0.6977491489,0.2603492119,0.0617691727,0.7769928797,0.1789938915,0.0967333601,0.2393272954,0.9609277314,0.9481833851,0.7852223172,0.0377776832,0.8192582004,0.8079630853,0.9111326367,0.5384315253,0.912393995,0.231850581,0.9705398549,0.9377087099,0.9418176555,0.684564402,0.6903665629,0.3710985776,0.8984094666,0.7067805312,0.0187150778,0.0008575617,0.2903767734,0.1106501299,0.9736629716,0.2387519552,0.2805289175,0.0159832674,0.5903797442,0.6811673119,0.2849477168,0.2923354373
LMFAO ,0.2549779631,0.0402785185,0.2248513887,0.0046031344,0.0426668578,0.1826915933,0.3622237162,0.0608916773,0.2113837076,0.2936985347,0.0164749021,0.7425553663,0.3898506858,0.6172408685,0.6887208508,0.6646722192,0.3164292303,0.2050528931,0.7846117378,0.2775696128,0.1501005172,0.224532424,0.9351921357,0.8860998326,0.5447341044,0.0343647133,0.7405047602,0.6733094686,0.707563359,0.644553678,0.8625473424,0.2311554145,0.9323469191,0.7893545396,0.7861167106,0.8737827068,0.9243856431,0.5673821336,0.9515902671,0.879558758,0.1747015914,0.0209787498,0.4643649098,0.4229654694,0.9806884297,0.5014933074,0.6274149389,0.1681934141,0.8453314735,0.7785667334,0.5493385723,0.3603610098
Luan Santana ,0.1787439376,0.0148664489,0.0896269901,0.3734743088,0.1244286139,0.3895683833,0.0465246472,0.2175230331,0.0756702792,0.4613870174,0.0040749179,0.5611057682,0.2881041094,0.1612552733,0.2625954176,0.5642514324,0.122749329,0.0608721018,0.9024018206,0.0776342203,0.1535845137,0.3291950703,0.8289733281,0.8714022328,0.8380646808,0.0255186258,0.9395481479,0.9400765641,0.0570886793,0.422561134,0.5092359505,0.0519588256,0.8186709299,0.8204168387,0.5236283764,0.8318789713,0.7576409289,0.3671270735,0.8137095333,0.7001960275,0.2274428515,0.0473559258,0.3945049856,0.2356611338,0.9476651547,0.5201253397,0.1426320382,0.2446106749,0.6918873388,0.3831641288,0.2549353566,0.1961538583
Cher Lloyd ,0.1400350774,0.0158719597,0.2199248391,0.0189702923,0.0654058876,0.1922209353,0.2440268597,0.0596983009,0.1714324464,0.3363440908,0.0188401147,0.5175109896,0.187076099,0.4242556441,0.3705598932,0.542443255,0.155244693,0.0551184024,0.6546224727,0.0619515576,0.0279790194,0.1805575204,0.9803551361,0.9549396445,0.8227521555,0.0332971126,0.9386246943,0.889727676,0.6481818441,0.3476563041,0.8287637253,0.1458646304,0.9508668453,0.8681590878,0.8127340977,0.6538875316,0.8125754044,0.2174380495,0.8773318669,0.6521753336,0.0673139686,0.0053495209,0.2182158015,0.1630393006,0.9658302957,0.2423752084,0.2705990001,0.0718188333,0.6857409423,0.5597093498,0.255461012,0.2479980373
Olly Murs ,0.1065181174,0.0062574216,0.1768751525,0.0191605111,0.0518619237,0.1452243552,0.2446094949,0.0683969669,0.1441574361,0.3951505646,0.0101393825,0.5789412611,0.1980210994,0.402427609,0.236613,0.4805168519,0.1849771144,0.0370051553,0.6833971342,0.0383704373,0.0199873268,0.1630874284,0.978154918,0.9395070618,0.8201964369,0.0296749018,0.9575206859,0.8619822745,0.5325131092,0.2943047302,0.7296053489,0.0740967351,0.937318386,0.8519948456,0.7791769422,0.603667764,0.8095633366,0.1871812882,0.8877207588,0.5395231616,0.0711132395,0.0119509477,0.2049718176,0.1351805115,0.9376518752,0.2513736666,0.2515075051,0.1037767357,0.6894014403,0.5182323485,0.2341421157,0.1543055878
John Legend,0.1171054153,0.0574216591,0.212119406,0.0021483027,0.0287658141,0.263274097,0.3673121711,0.0284565728,0.295230006,0.2992630298,0.0412407993,0.3344432562,0.2072765521,0.6968505599,0.7251698373,0.6757825895,0.3683772871,0.0373927984,0.6623728914,0.1485207358,0.0503229841,0.3101733163,0.9777785553,0.9503517093,0.7934780777,0.0359705312,0.8286294079,0.773783057,0.9381222233,0.4683589813,0.8782945253,0.2702919614,0.9663857657,0.9618003977,0.9473518894,0.4666542299,0.5978760428,0.3006614326,0.7947739982,0.5556172195,0.0103590944,0.0014109557,0.2455528537,0.0744090289,0.9540140217,0.1240076871,0.2365565664,0.0080497047,0.4897071321,0.5848722874,0.2665892303,0.1975969585
Adam Levine,0.0898151889,0.0491028855,0.1854427682,0.0022312896,0.0186662521,0.2052025964,0.3210416155,0.0143440213,0.1622339003,0.1887054359,0.0303936454,0.3149793143,0.1053887221,0.5801549432,0.6798000847,0.5441115631,0.2527535399,0.0465175836,0.7381657361,0.1095132755,0.0463034424,0.2240608571,0.9829530409,0.9615618123,0.8484030557,0.0780528539,0.8760410216,0.8384292291,0.9283752847,0.4214306915,0.8963601803,0.2728695113,0.9830150354,0.9418938473,0.9516592009,0.6004999327,0.7098096286,0.3801652914,0.8614985183,0.6592905134,0.0079376897,0.0009625946,0.2740274889,0.0855642692,0.9684881034,0.1812927122,0.2476232372,0.0072782404,0.572126128,0.681759983,0.3563622468,0.2511165397
LL Cool J,0.1070574598,0.0275323408,0.1628422453,0.0048726743,0.0335128306,0.1930217336,0.2733242798,0.0451281947,0.2199754151,0.3171790887,0.0167366964,0.4912671577,0.2157481637,0.6364215548,0.556490412,0.6265449463,0.2935696899,0.052510725,0.7521397072,0.1167034555,0.0501964593,0.252926726,0.9780459173,0.9495392744,0.781074266,0.0192462232,0.890264825,0.8123614409,0.8656286723,0.4071083645,0.8563396203,0.1825083129,0.9661049814,0.9209564423,0.8886070672,0.6333675404,0.7392928855,0.280513675,0.9096653162,0.6836681855,0.0399933791,0.0039758226,0.2763679803,0.1176264372,0.9805683054,0.2055679257,0.3165126472,0.0406055796,0.6297086889,0.5840222884,0.3107290323,0.2369161958
Ne-Yo,0.1175566636,0.0096733525,0.1578292944,0.0178284038,0.0595359573,0.1890257369,0.1543833327,0.0773128713,0.1582881558,0.4157701877,0.0076171244,0.6364499348,0.2294207436,0.4657775826,0.3579257095,0.510575162,0.2023215318,0.0374049259,0.6474224388,0.0572455405,0.0225084106,0.2416311103,0.9765317098,0.9386251201,0.7949808959,0.0109145721,0.9442458042,0.8608602604,0.7709569785,0.3380424135,0.8239501297,0.0881140451,0.9299351353,0.8993235383,0.7886418643,0.643184486,0.7698619671,0.198282142,0.9220866357,0.6658762767,0.1041680095,0.0101876914,0.2141437367,0.1485000407,0.9855669943,0.2206605693,0.2728712611,0.0823114587,0.6740344645,0.5290285542,0.2384547794,0.2346573797
Ciara,0.1335849683,0.0233101556,0.1639536578,0.0123038314,0.0446425809,0.2219590298,0.2397910504,0.062751259,0.1389392003,0.3139898136,0.0131352174,0.5575540403,0.2207661108,0.4936819197,0.4354231519,0.5817479601,0.2084413441,0.0772267819,0.7896139506,0.0809512201,0.0463517168,0.2281115,0.9792741336,0.9492819248,0.7852097102,0.0145277096,0.9190375312,0.8829915887,0.7202207552,0.3393366501,0.884301115,0.1722796498,0.957976027,0.896321352,0.8096792307,0.7917242816,0.8855684395,0.3270887221,0.8775697251,0.766580652,0.1040892527,0.0037533267,0.2734027912,0.2006800175,0.9900593514,0.297632406,0.3478890535,0.0692555498,0.7195538721,0.6583556336,0.3156169747,0.3217525758
Labrinth,0.1018971509,0.025674978,0.1767406643,0.0057712231,0.0303361616,0.1838425974,0.3060287326,0.0372065746,0.1640305356,0.2386575661,0.0183029389,0.4875750358,0.1666299832,0.5472066054,0.4638778022,0.6247525266,0.2503136014,0.0655879264,0.7455856644,0.1134163055,0.0574397168,0.234506958,0.9793373317,0.9414209282,0.8119835303,0.0267620828,0.8945579731,0.8484370185,0.7605005212,0.4023308695,0.8417941005,0.1546420947,0.9689828228,0.9002913825,0.8468194321,0.7331429576,0.8234787816,0.2950543263,0.9071499538,0.6556823993,0.0347251013,0.0050798154,0.3168003338,0.1299388031,0.9785401586,0.2590915474,0.3137183522,0.0352252805,0.63761739,0.6602448898,0.2986343791,0.2572858756
Kelly Clarkson,0.1495942903,0.058684312,0.2301398549,0.0049928779,0.026676478,0.2490388457,0.3142665907,0.01820857,0.150266521,0.209264992,0.0385277984,0.3159564245,0.1099566436,0.4887374032,0.7354232969,0.5479015649,0.1823225326,0.0688686527,0.6736479694,0.1264299619,0.0529259022,0.1998303135,0.9888958389,0.9715671627,0.850496854,0.082792979,0.8838354109,0.8874901731,0.9041368688,0.3463236685,0.9058863716,0.3439781265,0.9751783878,0.9051818954,0.9297500864,0.5771690461,0.7447651353,0.3948961471,0.8148316126,0.6819451619,0.0131770769,0.0010748599,0.2394796664,0.1579729604,0.9564464935,0.1715159686,0.3056095165,0.0177184901,0.6125702983,0.6610274134,0.3503299915,0.3146150102
Yoko Ono,0.1765665379,0.1260960113,0.2745915892,0.0085107219,0.0442693763,0.3305821612,0.3784960693,0.0904618075,0.2233594717,0.2734197242,0.0462015671,0.510257064,0.2285134349,0.5897378852,0.6014568477,0.7313333268,0.3041016937,0.0704025353,0.7818064887,0.1729195153,0.0828690292,0.3858176683,0.9415080998,0.9185954264,0.7738285572,0.0122973942,0.8002220976,0.8226376157,0.9321494437,0.5769321433,0.968341307,0.439781499,0.9779980777,0.9632476957,0.9199716996,0.7328057901,0.6989873856,0.4247936933,0.7183452646,0.7804953061,0.0224803656,0.0015554936,0.189129023,0.1267502264,0.9879609273,0.2301555521,0.4215222458,0.012566913,0.4680103357,0.7327822536,0.1961339004,0.3904304362
